"party","constituency","province","language","email","photo"
"Conservative","Edmonton Manning","Alberta","English / French","Ziad.Aboultaif@parl.gc.ca","https://www.ourcommons.ca/Content/Parliamentarians/Images/OfficialMPPhotos/43/AboultaifZiad_CPC.jpg"
"Conservative","Parry Sound—Muskoka","Ontario","English","Scott.Aitchison@parl.gc.ca","https://www.ourcommons.ca/Content/Parliamentarians/Images/OfficialMPPhotos/43/AitchisonScott_CPC.jpg"
"Conservative","Central Okanagan—Similkameen—Nicola","British Columbia","English","Dan.Albas@parl.gc.ca","https://www.ourcommons.ca/Content/Parliamentarians/Images/OfficialMPPhotos/43/AlbasDan_CPC.jpg"
"Liberal","Mississauga Centre","Ontario","English / French","Omar.Alghabra@parl.gc.ca","https://www.ourcommons.ca/Content/Parliamentarians/Images/OfficialMPPhotos/43/AlghabraOmar_Lib.jpg"
"Conservative","Aurora—Oak Ridges—Richmond Hill","Ontario","English / French","Leona.Alleslev@parl.gc.ca","https://www.ourcommons.ca/Content/Parliamentarians/Images/OfficialMPPhotos/43/AlleslevLeona_CPC.jpg"
"Conservative","Niagara West","Ontario","English","dean.allison@parl.gc.ca","https://www.ourcommons.ca/Content/Parliamentarians/Images/OfficialMPPhotos/43/AllisonDean_CPC.jpg"
"Liberal","Pontiac","Quebec","English / French","William.Amos@parl.gc.ca","https://www.ourcommons.ca/Content/Parliamentarians/Images/OfficialMPPhotos/43/AmosWilliam_Lib.jpg"
"Liberal","Oakville","Ontario","English / French","Anita.Anand@parl.gc.ca","https://www.ourcommons.ca/Content/Parliamentarians/Images/OfficialMPPhotos/43/AnandAnita_Lib.jpg"
"Liberal","Scarborough—Rouge Park","Ontario","English / French","Gary.Anand@parl.gc.ca","https://www.ourcommons.ca/Content/Parliamentarians/Images/OfficialMPPhotos/43/AnandasangareeGary_Lib.jpg"
"NDP","Timmins—James Bay","Ontario","English","charlie.angus@parl.gc.ca","https://www.ourcommons.ca/Content/Parliamentarians/Images/OfficialMPPhotos/43/AngusCharlie_NDP.jpg"
"Conservative","North Okanagan—Shuswap","British Columbia","English","Mel.Arnold@parl.gc.ca","https://www.ourcommons.ca/Content/Parliamentarians/Images/OfficialMPPhotos/43/ArnoldMel_CPC web.jpg"
"Liberal","Madawaska—Restigouche","New Brunswick","French / English","Rene.Arseneault@parl.gc.ca","https://www.ourcommons.ca/Content/Parliamentarians/Images/OfficialMPPhotos/43/ArseneaultRené_Lib.jpg"
"Liberal","Nepean","Ontario","English / French","Chandra.Arya@parl.gc.ca","https://www.ourcommons.ca/Content/Parliamentarians/Images/OfficialMPPhotos/43/AryaChandra_Lib.jpg"
"NDP","Churchill—Keewatinook Aski","Manitoba","English","niki.ashton@parl.gc.ca","https://www.ourcommons.ca/Content/Parliamentarians/Images/OfficialMPPhotos/43/AshtonNiki_NDP.jpg"
"Green Party","Fredericton","New Brunswick","French / English","Jenica.Atwin@parl.gc.ca","https://www.ourcommons.ca/Content/Parliamentarians/Images/OfficialMPPhotos/43/AtwinJenica_GP.jpg"
"NDP","Skeena—Bulkley Valley","British Columbia","English","Taylor.Bachrach@parl.gc.ca","https://www.ourcommons.ca/Content/Parliamentarians/Images/OfficialMPPhotos/43/BachrachTaylor_NDP.jpg"
"Liberal","Niagara Centre","Ontario","English","Vance.Badawey@parl.gc.ca","https://www.ourcommons.ca/Content/Parliamentarians/Images/OfficialMPPhotos/43/BadaweyVance_Lib.jpg"
"Liberal","Yukon","Yukon","English / French","Larry.Bagnell@parl.gc.ca","https://www.ourcommons.ca/Content/Parliamentarians/Images/OfficialMPPhotos/43/BagnellLarry_Lib.jpg"
"Liberal","Mississauga—Malton","Ontario","English","Navdeep.Bains@parl.gc.ca","https://www.ourcommons.ca/Content/Parliamentarians/Images/OfficialMPPhotos/43/BainsNavdeep_Lib.jpg"
"Liberal","Etobicoke Centre","Ontario","English","Yvan.Baker@parl.gc.ca","https://www.ourcommons.ca/Content/Parliamentarians/Images/OfficialMPPhotos/43/BakerYvan_Lib.jpg"
"Conservative","Niagara Falls","Ontario","English","Tony.Baldinelli@parl.gc.ca","https://www.ourcommons.ca/Content/Parliamentarians/Images/OfficialMPPhotos/43/BaldinelliTony_CPC.jpg"
"Conservative","Foothills","Alberta","English","John.Barlow@parl.gc.ca","https://www.ourcommons.ca/Content/Parliamentarians/Images/OfficialMPPhotos/43/BarlowJohn_CPC.jpg"
"Conservative","Leeds—Grenville—Thousand Islands and Rideau Lakes","Ontario","English","Michael.Barrett@parl.gc.ca","https://www.ourcommons.ca/Content/Parliamentarians/Images/OfficialMPPhotos/43/BarrettMichael_CPC.jpg"
"Bloc Québécois","Pierre-Boucher—Les Patriotes—Verchères","Quebec","French","Xavier.Barsalou-Duval@parl.gc.ca","https://www.ourcommons.ca/Content/Parliamentarians/Images/OfficialMPPhotos/43/BarsalouDuvalXavier_BQ.jpg"
"Liberal","Sydney—Victoria","Nova Scotia","English","Jaime.Battiste@parl.gc.ca","https://www.ourcommons.ca/Content/Parliamentarians/Images/OfficialMPPhotos/43/BattisteJaime_Lib.jpg"
"Bloc Québécois","La Pointe-de-l'Île","Quebec","French","Mario.Beaulieu@parl.gc.ca","https://www.ourcommons.ca/Content/Parliamentarians/Images/OfficialMPPhotos/43/BeaulieuMario_BQ.jpg"
"Liberal","Burnaby North—Seymour","British Columbia","English","Terry.Beech@parl.gc.ca","https://www.ourcommons.ca/Content/Parliamentarians/Images/OfficialMPPhotos/43/BeechTerry_Lib.jpg"
"Liberal","Outremont","Quebec","English / French","Rachel.Bendayan@parl.gc.ca","https://www.ourcommons.ca/Content/Parliamentarians/Images/OfficialMPPhotos/43/BendayanRachel_Lib.jpg"
"Liberal","Toronto—St. Paul's","Ontario","English","carolyn.bennett@parl.gc.ca","https://www.ourcommons.ca/Content/Parliamentarians/Images/OfficialMPPhotos/43/BennettCarolyn_Lib.jpg"
"Conservative","Calgary Heritage","Alberta","English","Bob.Benzen@parl.gc.ca","https://www.ourcommons.ca/Content/Parliamentarians/Images/OfficialMPPhotos/43/BenzenBob_CPC.jpg"
"Conservative","Portage—Lisgar","Manitoba","English","candice.bergen@parl.gc.ca","https://www.ourcommons.ca/Content/Parliamentarians/Images/OfficialMPPhotos/43/BergenCandice_CPC.jpg"
"Bloc Québécois","Montarville","Quebec","French","Stephane.Bergeron@parl.gc.ca","https://www.ourcommons.ca/Content/Parliamentarians/Images/OfficialMPPhotos/43/BergeronStephane_BQ.jpg"
"Conservative","Mégantic—L'Érable","Quebec","French","Luc.Berthold@parl.gc.ca","https://www.ourcommons.ca/Content/Parliamentarians/Images/OfficialMPPhotos/43/BertholdLuc_CPC.jpg"
"Bloc Québécois","Abitibi—Baie-James—Nunavik—Eeyou","Quebec","French","Sylvie.Berube@parl.gc.ca","https://www.ourcommons.ca/Content/Parliamentarians/Images/OfficialMPPhotos/43/BérubéSylvie_BQ.jpg"
"Liberal","Brome—Missisquoi","Quebec","French / English","Lyne.Bessette@parl.gc.ca","https://www.ourcommons.ca/Content/Parliamentarians/Images/OfficialMPPhotos/43/BessetteLyne_Lib.jpg"
"Conservative","Selkirk—Interlake—Eastman","Manitoba","English","james.bezan@parl.gc.ca","https://www.ourcommons.ca/Content/Parliamentarians/Images/OfficialMPPhotos/43/BezanJames_CPC.jpg"
"Liberal","Compton—Stanstead","Quebec","French / English","Marie-Claude.Bibeau@parl.gc.ca","https://www.ourcommons.ca/Content/Parliamentarians/Images/OfficialMPPhotos/43/BibeauMarieClaude_Lib.jpg"
"Liberal","St. Catharines","Ontario","English","Chris.Bittle@parl.gc.ca","https://www.ourcommons.ca/Content/Parliamentarians/Images/OfficialMPPhotos/43/BittleChris_Lib.jpg"
"NDP","Elmwood—Transcona","Manitoba","English / French","Daniel.Blaikie@parl.gc.ca","https://www.ourcommons.ca/Content/Parliamentarians/Images/OfficialMPPhotos/43/BlaikieDaniel_NDP.jpg"
"Liberal","Scarborough Southwest","Ontario","English","Bill.Blair@parl.gc.ca","https://www.ourcommons.ca/Content/Parliamentarians/Images/OfficialMPPhotos/43/BlairBill_Lib.jpg"
"Bloc Québécois","Beloeil—Chambly","Quebec","French","Yves-Francois.Blanchet@parl.gc.ca","https://www.ourcommons.ca/Content/Parliamentarians/Images/OfficialMPPhotos/43/BlanchetYvesFrançois_BQ.jpg"
"Bloc Québécois","Rimouski-Neigette—Témiscouata—Les Basques","Quebec","French","Maxime.Blanchette-Joncas@parl.gc.ca","https://www.ourcommons.ca/Content/Parliamentarians/Images/OfficialMPPhotos/43/BlanchetteJoncasMaxime_BQ.jpg"
"NDP","North Island—Powell River","British Columbia","English","Rachel.Blaney@parl.gc.ca","https://www.ourcommons.ca/Content/Parliamentarians/Images/OfficialMPPhotos/43/BlaneyRachel_NDP.jpg"
"Conservative","Bellechasse—Les Etchemins—Lévis","Quebec","French","steven.blaney@parl.gc.ca","https://www.ourcommons.ca/Content/Parliamentarians/Images/OfficialMPPhotos/43/BlaneySteven_CPC.jpg"
"Conservative","Carlton Trail—Eagle Creek","Saskatchewan","English","kelly.block@parl.gc.ca","https://www.ourcommons.ca/Content/Parliamentarians/Images/OfficialMPPhotos/43/BlockKelly_CPC.jpg"
"Liberal","Kings—Hants","Nova Scotia","English","Kody.Blois@parl.gc.ca","https://www.ourcommons.ca/Content/Parliamentarians/Images/OfficialMPPhotos/43/BloisKody_Lib.jpg"
"Bloc Québécois","Terrebonne","Quebec","French","Michel.Boudrias@parl.gc.ca","https://www.ourcommons.ca/Content/Parliamentarians/Images/OfficialMPPhotos/43/BoudriasMichel_BQ.jpg"
"NDP","Rosemont—La Petite-Patrie","Quebec","French","Alexandre.Boulerice@parl.gc.ca","https://www.ourcommons.ca/Content/Parliamentarians/Images/OfficialMPPhotos/43/BoulericeAlexandre_NDP.jpg"
"Conservative","Tobique—Mactaquac","New Brunswick","English","Richard.Bragdon@parl.gc.ca","https://www.ourcommons.ca/Content/Parliamentarians/Images/OfficialMPPhotos/43/BragdonRichard_CPC.jpg"
"Conservative","Barrie—Innisfil","Ontario","English / French","John.Brassard@parl.gc.ca","https://www.ourcommons.ca/Content/Parliamentarians/Images/OfficialMPPhotos/43/BrassardJohn_CPC.jpg"
"Liberal","Hamilton East—Stoney Creek","Ontario","English","Bob.Bratina@parl.gc.ca","https://www.ourcommons.ca/Content/Parliamentarians/Images/OfficialMPPhotos/43/BratinaBob_Lib.jpg"
"Liberal","Sherbrooke","Quebec","French","Elisabeth.Briere@parl.gc.ca","https://www.ourcommons.ca/Content/Parliamentarians/Images/OfficialMPPhotos/43/BrièreÉlisabeth_Lib.jpg"
"Bloc Québécois","Lac-Saint-Jean","Quebec","French","Alexis.Brunelle-Duceppe@parl.gc.ca","https://www.ourcommons.ca/Content/Parliamentarians/Images/OfficialMPPhotos/43/BrunelleDuceppeAlexis_BQ.jpg"
"Conservative","Red Deer—Lacombe","Alberta","English","blaine.calkins@parl.gc.ca","https://www.ourcommons.ca/Content/Parliamentarians/Images/OfficialMPPhotos/43/CalkinsBlaine_CPC.jpg"
"NDP","South Okanagan—West Kootenay","British Columbia","English","Richard.Cannings@parl.gc.ca","https://www.ourcommons.ca/Content/Parliamentarians/Images/OfficialMPPhotos/43/CanningsRichard_NDP.jpg"
"Liberal","Winnipeg South Centre","Manitoba","English","Jim.Carr@parl.gc.ca","https://www.ourcommons.ca/Content/Parliamentarians/Images/OfficialMPPhotos/43/CarrJim_Lib.jpg"
"Conservative","Oshawa","Ontario","English","colin.carrie@parl.gc.ca","https://www.ourcommons.ca/Content/Parliamentarians/Images/OfficialMPPhotos/43/CarrieColin_CPC.jpg"
"Liberal","Charlottetown","Prince Edward Island","English","Sean.Casey@parl.gc.ca","https://www.ourcommons.ca/Content/Parliamentarians/Images/OfficialMPPhotos/43/CaseySean_Lib.jpg"
"Bloc Québécois","Thérèse-De Blainville","Quebec","French","Louise.Chabot@parl.gc.ca","https://www.ourcommons.ca/Content/Parliamentarians/Images/OfficialMPPhotos/43/ChabotLouise_BQ.jpg"
"Liberal","Waterloo","Ontario","English","Bardish.Chagger@parl.gc.ca","https://www.ourcommons.ca/Content/Parliamentarians/Images/OfficialMPPhotos/43/ChaggerBardish_Lib.jpg"
"Liberal","Saint-Maurice—Champlain","Quebec","French","Francois-Philippe.Champagne@parl.gc.ca","https://www.ourcommons.ca/Content/Parliamentarians/Images/OfficialMPPhotos/43/ChampagneFrancoisPhilippe_Lib.jpg"
"Bloc Québécois","Drummond","Quebec","French","Martin.Champoux@parl.gc.ca","https://www.ourcommons.ca/Content/Parliamentarians/Images/OfficialMPPhotos/43/ChampouxMartin_BQ.jpg"
"Bloc Québécois","Trois-Rivières","Quebec","French","Louise.Charbonneau@parl.gc.ca","https://www.ourcommons.ca/Content/Parliamentarians/Images/OfficialMPPhotos/43/CharbonneauLouise_BQ.jpg"
"Liberal","Scarborough North","Ontario","English","Shaun.Chen@parl.gc.ca","https://www.ourcommons.ca/Content/Parliamentarians/Images/OfficialMPPhotos/43/ChenShaun_Lib.jpg"
"Conservative","Steveston—Richmond East","British Columbia","English","Kenny.Chiu@parl.gc.ca","https://www.ourcommons.ca/Content/Parliamentarians/Images/OfficialMPPhotos/43/ChiuKenny_CPC.jpg"
"Conservative","Wellington—Halton Hills","Ontario","English","michael.chong@parl.gc.ca","https://www.ourcommons.ca/Content/Parliamentarians/Images/OfficialMPPhotos/43/ChongMichael_CPC.jpg"
"NDP","Victoria","British Columbia","English","Laurel.Collins@parl.gc.ca","https://www.ourcommons.ca/Content/Parliamentarians/Images/OfficialMPPhotos/43/CollinsLaurel_NDP.jpg"
"Conservative","St. Albert—Edmonton","Alberta","English","Michael.Cooper@parl.gc.ca","https://www.ourcommons.ca/Content/Parliamentarians/Images/OfficialMPPhotos/43/CooperMichael_CPC.jpg"
"Liberal","Acadie—Bathurst","New Brunswick","French / English","Serge.Cormier@parl.gc.ca","https://www.ourcommons.ca/Content/Parliamentarians/Images/OfficialMPPhotos/43/CormierSerge_Lib.jpg"
"Conservative","Edmonton Centre","Alberta","English","James.Cumming@parl.gc.ca","https://www.ourcommons.ca/Content/Parliamentarians/Images/OfficialMPPhotos/43/CummingJames_CPC.jpg"
"Liberal","Toronto—Danforth","Ontario","English / French","Julie.Dabrusin@parl.gc.ca","https://www.ourcommons.ca/Content/Parliamentarians/Images/OfficialMPPhotos/43/DabrusinJulie_Lib.jpg"
"Conservative","Pitt Meadows—Maple Ridge","British Columbia","English","Marc.Dalton@parl.gc.ca","https://www.ourcommons.ca/Content/Parliamentarians/Images/OfficialMPPhotos/43/DaltonMarc_CPC.jpg"
"Liberal","Oakville North—Burlington","Ontario","English","Pam.Damoff@parl.gc.ca","https://www.ourcommons.ca/Content/Parliamentarians/Images/OfficialMPPhotos/43/DamoffPam_Lib.jpg"
"Conservative","Kildonan—St. Paul","Manitoba","English","Raquel.Dancho@parl.gc.ca","https://www.ourcommons.ca/Content/Parliamentarians/Images/OfficialMPPhotos/43/DanchoRaquel_CPC.jpg"
"Conservative","York—Simcoe","Ontario","English","Scot.Davidson@parl.gc.ca","https://www.ourcommons.ca/Content/Parliamentarians/Images/OfficialMPPhotos/43/DavidsonScot_CPC.jpg"
"NDP","Vancouver Kingsway","British Columbia","English","don.davies@parl.gc.ca","https://www.ourcommons.ca/Content/Parliamentarians/Images/OfficialMPPhotos/43/DaviesDon_NDP.jpg"
"Bloc Québécois","Salaberry—Suroît","Quebec","French","Claude.DeBellefeuille@parl.gc.ca","https://www.ourcommons.ca/Content/Parliamentarians/Images/OfficialMPPhotos/43/DeBellefeuilleClaude_BQ.jpg"
"Conservative","Louis-Saint-Laurent","Quebec","French","Gerard.Deltell@parl.gc.ca","https://www.ourcommons.ca/Content/Parliamentarians/Images/OfficialMPPhotos/43/DeltellGérard_CPC.jpg"
"Conservative","West Nova","Nova Scotia","English / French","Chris.dEntremont@parl.gc.ca","https://www.ourcommons.ca/Content/Parliamentarians/Images/OfficialMPPhotos/43/DentremontChris_CPC.jpg"
"Bloc Québécois","Beauport—Côte-de-Beaupré—Île d'Orléans—Charlevoix","Quebec","French","Caroline.Desbiens@parl.gc.ca","https://www.ourcommons.ca/Content/Parliamentarians/Images/OfficialMPPhotos/43/DesbiensCaroline_BQ.jpg"
"Bloc Québécois","Rivière-des-Mille-Îles","Quebec","French","Luc.Desilets@parl.gc.ca","https://www.ourcommons.ca/Content/Parliamentarians/Images/OfficialMPPhotos/43/DesiletsLuc_BQ.jpg"
"Liberal","Surrey—Newton","British Columbia","English","Sukh.Dhaliwal@parl.gc.ca","https://www.ourcommons.ca/Content/Parliamentarians/Images/OfficialMPPhotos/43/DhaliwalSukh_Lib.jpg"
"Liberal","Dorval—Lachine—LaSalle","Quebec","English / French","Anju.Dhillon@parl.gc.ca","https://www.ourcommons.ca/Content/Parliamentarians/Images/OfficialMPPhotos/43/DhillonAnju_Lib.jpg"
"Conservative","Edmonton Griesbach","Alberta","English / French","Kerry.Diotte@parl.gc.ca","https://www.ourcommons.ca/Content/Parliamentarians/Images/OfficialMPPhotos/43/DiotteKerry_CPC.jpg"
"Conservative","Cariboo—Prince George","British Columbia","English / French","Todd.Doherty@parl.gc.ca","https://www.ourcommons.ca/Content/Parliamentarians/Images/OfficialMPPhotos/43/DohertyTodd_CPC.jpg"
"Liberal","Don Valley North","Ontario","English / French","Han.Dong@parl.gc.ca","https://www.ourcommons.ca/Content/Parliamentarians/Images/OfficialMPPhotos/43/DongHan_Lib.jpg"
"Conservative","Simcoe—Grey","Ontario","English","Terry.Dowdall@parl.gc.ca","https://www.ourcommons.ca/Content/Parliamentarians/Images/OfficialMPPhotos/43/DowdallTerry_CPC.jpg"
"Conservative","Red Deer—Mountain View","Alberta","English","earl.dreeshen@parl.gc.ca","https://www.ourcommons.ca/Content/Parliamentarians/Images/OfficialMPPhotos/43/DreeshenEarl_CPC.jpg"
"Liberal","Glengarry—Prescott—Russell","Ontario","French / English","Francis.Drouin@parl.gc.ca","https://www.ourcommons.ca/Content/Parliamentarians/Images/OfficialMPPhotos/43/DrouinFrancis_Lib.jpg"
"Liberal","Bourassa","Quebec","French","Emmanuel.Dubourg@parl.gc.ca","https://www.ourcommons.ca/Content/Parliamentarians/Images/OfficialMPPhotos/43/DubourgEmmanuel_Lib.jpg"
"Liberal","Québec","Quebec","French / English","Jean-Yves.Duclos@parl.gc.ca","https://www.ourcommons.ca/Content/Parliamentarians/Images/OfficialMPPhotos/43/DuclosJeanYves_Lib.jpg"
"Liberal","Winnipeg South","Manitoba","English / French","Terry.Duguid@parl.gc.ca","https://www.ourcommons.ca/Content/Parliamentarians/Images/OfficialMPPhotos/43/DuguidTerry_Lib.jpg"
"Conservative","Stormont—Dundas—South Glengarry","Ontario","English / French","Eric.Duncan@parl.gc.ca","https://www.ourcommons.ca/Content/Parliamentarians/Images/OfficialMPPhotos/43/DuncanEric_CPC.jpg"
"Liberal","Etobicoke North","Ontario","English","kirsty.duncan@parl.gc.ca","https://www.ourcommons.ca/Content/Parliamentarians/Images/OfficialMPPhotos/43/DuncanKirsty_Lib.jpg"
"NDP","Hamilton Mountain","Ontario","English","Scott.Duvall@parl.gc.ca","https://www.ourcommons.ca/Content/Parliamentarians/Images/OfficialMPPhotos/43/DuvallScott_NDP.jpg"
"Liberal","Davenport","Ontario","English / French","Julie.Dzerowicz@parl.gc.ca","https://www.ourcommons.ca/Content/Parliamentarians/Images/OfficialMPPhotos/43/DzerowiczJulie_Lib.jpg"
"Liberal","Malpeque","Prince Edward Island","English","wayne.easter@parl.gc.ca","https://www.ourcommons.ca/Content/Parliamentarians/Images/OfficialMPPhotos/43/EasterWayne_Lib.jpg"
"Liberal","Willowdale","Ontario","English","Ali.Ehsassi@parl.gc.ca","https://www.ourcommons.ca/Content/Parliamentarians/Images/OfficialMPPhotos/43/EhsassiAli_Lib.jpg"
"Liberal","Laval—Les Îles","Quebec","French","Faycal.El-Khoury@parl.gc.ca","https://www.ourcommons.ca/Content/Parliamentarians/Images/OfficialMPPhotos/43/ElKhouryFayçal_Lib.jpg"
"Liberal","Bay of Quinte","Ontario","English","Neil.Ellis@parl.gc.ca","https://www.ourcommons.ca/Content/Parliamentarians/Images/OfficialMPPhotos/43/EllisNeil_Lib.jpg"
"Conservative","Chatham-Kent—Leamington","Ontario","English","Dave.Epp@parl.gc.ca","https://www.ourcommons.ca/Content/Parliamentarians/Images/OfficialMPPhotos/43/EppDave_CPC.jpg"
"Liberal","Beaches—East York","Ontario","English / French","Nathaniel.Erskine-Smith@parl.gc.ca","https://www.ourcommons.ca/Content/Parliamentarians/Images/OfficialMPPhotos/43/ErskineSmithNathaniel_Lib.jpg"
"Conservative","Battlefords—Lloydminster","Saskatchewan","English","Rosemarie.Falk@parl.gc.ca","https://www.ourcommons.ca/Content/Parliamentarians/Images/OfficialMPPhotos/43/FalkRosemarie_CPC.jpg"
"Conservative","Provencher","Manitoba","English","Ted.Falk@parl.gc.ca","https://www.ourcommons.ca/Content/Parliamentarians/Images/OfficialMPPhotos/43/FalkTed_CPC.jpg"
"Conservative","Abbotsford","British Columbia","English","ed.fast@parl.gc.ca","https://www.ourcommons.ca/Content/Parliamentarians/Images/OfficialMPPhotos/43/FastEd_CPC.jpg"
"Liberal","Hull—Aylmer","Quebec","French / English","Greg.Fergus@parl.gc.ca","https://www.ourcommons.ca/Content/Parliamentarians/Images/OfficialMPPhotos/43/FergusGreg_Lib.jpg"
"Liberal","Halifax","Nova Scotia","English","Andy.Fillmore@parl.gc.ca","https://www.ourcommons.ca/Content/Parliamentarians/Images/OfficialMPPhotos/43/FillmoreAndy_Lib.jpg"
"Conservative","South Surrey—White Rock","British Columbia","English / French","kerry-lynne.findlay@parl.gc.ca","https://www.ourcommons.ca/Content/Parliamentarians/Images/OfficialMPPhotos/43/FindlayKerryLynneD_CPC.jpg"
"Conservative","Haldimand—Norfolk","Ontario","English","diane.finley@parl.gc.ca","https://www.ourcommons.ca/Content/Parliamentarians/Images/OfficialMPPhotos/43/FinleyDiane_CPC.jpg"
"Liberal","Miramichi—Grand Lake","New Brunswick","English / French","Pat.Finnigan@parl.gc.ca","https://www.ourcommons.ca/Content/Parliamentarians/Images/OfficialMPPhotos/43/FinniganPat_Lib.jpg"
"Liberal","Dartmouth—Cole Harbour","Nova Scotia","English","Darren.Fisher@parl.gc.ca","https://www.ourcommons.ca/Content/Parliamentarians/Images/OfficialMPPhotos/43/FisherDarren_Lib.jpg"
"Liberal","Mississauga East—Cooksville","Ontario","English","Peter.Fonseca@parl.gc.ca","https://www.ourcommons.ca/Content/Parliamentarians/Images/OfficialMPPhotos/43/FonsecaPeter_Lib.jpg"
"Liberal","Ottawa—Vanier","Ontario","French / English","Mona.Fortier@parl.gc.ca","https://www.ourcommons.ca/Content/Parliamentarians/Images/OfficialMPPhotos/43/FortierMona_Lib.jpg"
"Bloc Québécois","Rivière-du-Nord","Quebec","French","Rheal.Fortin@parl.gc.ca","https://www.ourcommons.ca/Content/Parliamentarians/Images/OfficialMPPhotos/43/FortinRhéal_BQ.jpg"
"Liberal","London North Centre","Ontario","English","Peter.Fragiskatos@parl.gc.ca","https://www.ourcommons.ca/Content/Parliamentarians/Images/OfficialMPPhotos/43/FragiskatosPeter_Lib.jpg"
"Liberal","Central Nova","Nova Scotia","English","Sean.Fraser@parl.gc.ca","https://www.ourcommons.ca/Content/Parliamentarians/Images/OfficialMPPhotos/43/FraserSean_Lib.jpg"
"Liberal","University—Rosedale","Ontario","English","Chrystia.Freeland@parl.gc.ca","https://www.ourcommons.ca/Content/Parliamentarians/Images/OfficialMPPhotos/43/FreelandChrystia_Lib.jpg"
"Liberal","Vancouver Centre","British Columbia","English","hedy.fry@parl.gc.ca","https://www.ourcommons.ca/Content/Parliamentarians/Images/OfficialMPPhotos/43/FryHedy_Lib.jpg"
"Conservative","Renfrew—Nipissing—Pembroke","Ontario","English","cheryl.gallant@parl.gc.ca","https://www.ourcommons.ca/Content/Parliamentarians/Images/OfficialMPPhotos/43/GallantCheryl_CPC.jpg"
"Liberal","Notre-Dame-de-Grâce—Westmount","Quebec","French / English","marc.garneau@parl.gc.ca","https://www.ourcommons.ca/Content/Parliamentarians/Images/OfficialMPPhotos/43/GarneauMarc_Lib.jpg"
"NDP","Esquimalt—Saanich—Sooke","British Columbia","English","Randall.Garrison@parl.gc.ca","https://www.ourcommons.ca/Content/Parliamentarians/Images/OfficialMPPhotos/43/GarrisonRandall_NDP.jpg"
"Bloc Québécois","Laurentides—Labelle","Quebec","French","MH.Gaudreau@parl.gc.ca","https://www.ourcommons.ca/Content/Parliamentarians/Images/OfficialMPPhotos/43/GaudreauMarieHélène_BQ.jpg"
"NDP","Winnipeg Centre","Manitoba","English / French","Leah.Gazan@parl.gc.ca","https://www.ourcommons.ca/Content/Parliamentarians/Images/OfficialMPPhotos/43/GazanLeah_NDP.jpg"
"Conservative","Montmagny—L'Islet—Kamouraska—Rivière-du-Loup","Quebec","French / English","Bernard.Genereux@parl.gc.ca","https://www.ourcommons.ca/Content/Parliamentarians/Images/OfficialMPPhotos/43/GénéreuxBernard_CPC.jpg"
"Conservative","Sherwood Park—Fort Saskatchewan","Alberta","English","Garnett.Genuis@parl.gc.ca","https://www.ourcommons.ca/Content/Parliamentarians/Images/OfficialMPPhotos/43/GenuisGarnett_CPC.jpg"
"Liberal","Kingston and the Islands","Ontario","English / French","Mark.Gerretsen@parl.gc.ca","https://www.ourcommons.ca/Content/Parliamentarians/Images/OfficialMPPhotos/43/GerretsenMark_Lib.jpg"
"Bloc Québécois","Manicouagan","Quebec","French / English","Marilene.Gill@parl.gc.ca","https://www.ourcommons.ca/Content/Parliamentarians/Images/OfficialMPPhotos/43/GillMarilène_BQ.jpg"
"Conservative","Sarnia—Lambton","Ontario","English","Marilyn.Gladu@parl.gc.ca","https://www.ourcommons.ca/Content/Parliamentarians/Images/OfficialMPPhotos/43/GladuMarilyn_CPC.jpg"
"Conservative","Portneuf—Jacques-Cartier","Quebec","French","Joel.Godin@parl.gc.ca","https://www.ourcommons.ca/Content/Parliamentarians/Images/OfficialMPPhotos/43/GodinJoël_CPC.jpg"
"Liberal","Burlington","Ontario","English","Karina.Gould@parl.gc.ca","https://www.ourcommons.ca/Content/Parliamentarians/Images/OfficialMPPhotos/43/GouldKarina_Lib.jpg"
"Conservative","Lévis—Lotbinière","Quebec","French","jacques.gourde@parl.gc.ca","https://www.ourcommons.ca/Content/Parliamentarians/Images/OfficialMPPhotos/43/GourdeJacques_CPC.jpg"
"Conservative","Kelowna—Lake Country","British Columbia","English","Tracy.Gray@parl.gc.ca","https://www.ourcommons.ca/Content/Parliamentarians/Images/OfficialMPPhotos/43/GrayTracy_CPC.jpg"
"NDP","Hamilton Centre","Ontario","English","Matthew.Green@parl.gc.ca","https://www.ourcommons.ca/Content/Parliamentarians/Images/OfficialMPPhotos/43/GreenMatthew_NDP.jpg"
"Liberal","Laurier—Sainte-Marie","Quebec","French / English","Steven.Guilbeault@parl.gc.ca","https://www.ourcommons.ca/Content/Parliamentarians/Images/OfficialMPPhotos/43/GuilbeaultSteven_Lib.jpg"
"Liberal","Thunder Bay—Superior North","Ontario","English","Patty.Hajdu@parl.gc.ca","https://www.ourcommons.ca/Content/Parliamentarians/Images/OfficialMPPhotos/43/HajduPatty_Lib.jpg"
"Conservative","Calgary Forest Lawn","Alberta","English","JasrajSingh.Hallan@parl.gc.ca","https://www.ourcommons.ca/Content/Parliamentarians/Images/OfficialMPPhotos/43/HallanJasrajSingh_CPC.jpg"
"Conservative","Lethbridge","Alberta","English","Rachael.Harder@parl.gc.ca","https://www.ourcommons.ca/Content/Parliamentarians/Images/OfficialMPPhotos/43/HarderRachael_CPC.jpg"
"Liberal","Fleetwood—Port Kells","British Columbia","English / French","Ken.Hardie@parl.gc.ca","https://www.ourcommons.ca/Content/Parliamentarians/Images/OfficialMPPhotos/43/HardieKen_Lib.jpg"
"NDP","St. John's East","Newfoundland and Labrador","English","Jack.Harris@parl.gc.ca","https://www.ourcommons.ca/Content/Parliamentarians/Images/OfficialMPPhotos/43/HarrisJack_NDP.jpg"
"Conservative","Prince Albert","Saskatchewan","English","randy.hoback@parl.gc.ca","https://www.ourcommons.ca/Content/Parliamentarians/Images/OfficialMPPhotos/43/HobackRandy_CPC.jpg"
"Liberal","Ajax","Ontario","English","Mark.Holland@parl.gc.ca","https://www.ourcommons.ca/Content/Parliamentarians/Images/OfficialMPPhotos/43/HollandMark_Lib.jpg"
"Liberal","Mount Royal","Quebec","English / French","Anthony.Housefather@parl.gc.ca","https://www.ourcommons.ca/Content/Parliamentarians/Images/OfficialMPPhotos/43/HousefatherAnthony_Lib.jpg"
"NDP","Algoma—Manitoulin—Kapuskasing","Ontario","English / French","carol.hughes@parl.gc.ca","https://www.ourcommons.ca/Content/Parliamentarians/Images/OfficialMPPhotos/43/HughesCarol_NDP.jpg"
"Liberal","York South—Weston","Ontario","English","Ahmed.Hussen@parl.gc.ca","https://www.ourcommons.ca/Content/Parliamentarians/Images/OfficialMPPhotos/43/HussenAhmedD_Lib.jpg"
"Liberal","Long Range Mountains","Newfoundland and Labrador","English","Gudie.Hutchings@parl.gc.ca","https://www.ourcommons.ca/Content/Parliamentarians/Images/OfficialMPPhotos/43/HutchingsGudie_Lib.jpg"
"Liberal","Alfred-Pellan","Quebec","French / English","Angelo.Iacono@parl.gc.ca","https://www.ourcommons.ca/Content/Parliamentarians/Images/OfficialMPPhotos/43/IaconoAngelo_Lib.jpg"
"Liberal","Toronto Centre","Ontario","English","marci.ien@parl.gc.ca","https://www.ourcommons.ca/Content/Parliamentarians/Images/OfficialMPPhotos/43/IenMarci_Lib.jpg"
"Liberal","Markham—Stouffville","Ontario","English","Helena.Jaczek@parl.gc.ca","https://www.ourcommons.ca/Content/Parliamentarians/Images/OfficialMPPhotos/43/JaczekHelena_Lib.jpg"
"Conservative","Cloverdale—Langley City","British Columbia","English","tamara.jansen@parl.gc.ca","https://www.ourcommons.ca/Content/Parliamentarians/Images/OfficialMPPhotos/43/JansenTamara_CPC.jpg"
"Conservative","Edmonton Riverbend","Alberta","English","Matt.Jeneroux@parl.gc.ca","https://www.ourcommons.ca/Content/Parliamentarians/Images/OfficialMPPhotos/43/JenerouxMatt_CPC.jpg"
"NDP","Courtenay—Alberni","British Columbia","English","Gord.Johns@parl.gc.ca","https://www.ourcommons.ca/Content/Parliamentarians/Images/OfficialMPPhotos/43/JohnsGord_NDP.jpg"
"Liberal","Ahuntsic-Cartierville","Quebec","French / English","Melanie.Joly@parl.gc.ca","https://www.ourcommons.ca/Content/Parliamentarians/Images/OfficialMPPhotos/43/JolyMélanie_Lib.jpg"
"Liberal","Labrador","Newfoundland and Labrador","English","Yvonne.Jones@parl.gc.ca","https://www.ourcommons.ca/Content/Parliamentarians/Images/OfficialMPPhotos/43/JonesYvonne_Lib.jpg"
"Liberal","South Shore—St. Margarets","Nova Scotia","English","Bernadette.Jordan@parl.gc.ca","https://www.ourcommons.ca/Content/Parliamentarians/Images/OfficialMPPhotos/43/JordanBernadette_Lib.jpg"
"Liberal","Richmond Hill","Ontario","English","Majid.Jowhari@parl.gc.ca","https://www.ourcommons.ca/Content/Parliamentarians/Images/OfficialMPPhotos/43/JowhariMajid_Lib.jpg"
"NDP","New Westminster—Burnaby","British Columbia","English","peter.julian@parl.gc.ca","https://www.ourcommons.ca/Content/Parliamentarians/Images/OfficialMPPhotos/43/JulianPeter_NDP.jpg"
"Liberal","Cape Breton—Canso","Nova Scotia","English / French","Mike.Kelloway@parl.gc.ca","https://www.ourcommons.ca/Content/Parliamentarians/Images/OfficialMPPhotos/43/KellowayMike_Lib.jpg"
"Conservative","Calgary Rocky Ridge","Alberta","English","Pat.Kelly@parl.gc.ca","https://www.ourcommons.ca/Content/Parliamentarians/Images/OfficialMPPhotos/43/KellyPat_CPC.jpg"
"Conservative","Thornhill","Ontario","English","peter.kent@parl.gc.ca","https://www.ourcommons.ca/Content/Parliamentarians/Images/OfficialMPPhotos/43/KentPeter_CPC.jpg"
"Liberal","Mississauga—Erin Mills","Ontario","English / French","Iqra.Khalid@parl.gc.ca","https://www.ourcommons.ca/Content/Parliamentarians/Images/OfficialMPPhotos/43/KhalidIqra_Lib.jpg"
"Liberal","Brampton West","Ontario","English","Kamal.Khera@parl.gc.ca","https://www.ourcommons.ca/Content/Parliamentarians/Images/OfficialMPPhotos/43/KheraKamal_Lib.jpg"
"Conservative","Souris—Moose Mountain","Saskatchewan","English","Robert.Kitchen@parl.gc.ca","https://www.ourcommons.ca/Content/Parliamentarians/Images/OfficialMPPhotos/43/KitchenRobert_CPC.jpg"
"Conservative","Calgary Shepard","Alberta","English / French","Tom.Kmiec@parl.gc.ca","https://www.ourcommons.ca/Content/Parliamentarians/Images/OfficialMPPhotos/43/KmiecTom_CPC.jpg"
"Liberal","Vimy","Quebec","French / English","Annie.Koutrakis@parl.gc.ca","https://www.ourcommons.ca/Content/Parliamentarians/Images/OfficialMPPhotos/43/KoutrakisAnnie_Lib.jpg"
"Conservative","Regina—Wascana","Saskatchewan","English","Michael.Kram@parl.gc.ca","https://www.ourcommons.ca/Content/Parliamentarians/Images/OfficialMPPhotos/43/KramMichael_CPC.jpg"
"Conservative","Battle River—Crowfoot","Alberta","English","Damien.Kurek@parl.gc.ca","https://www.ourcommons.ca/Content/Parliamentarians/Images/OfficialMPPhotos/43/KurekDamien_CPC.jpg"
"Conservative","Calgary Midnapore","Alberta","English / French","Stephanie.Kusie@parl.gc.ca","https://www.ourcommons.ca/Content/Parliamentarians/Images/OfficialMPPhotos/43/KusieStephanie_CPC.jpg"
"Liberal","Windsor—Tecumseh","Ontario","English","Irek.Kusmierczyk@parl.gc.ca","https://www.ourcommons.ca/Content/Parliamentarians/Images/OfficialMPPhotos/43/KusmierczykIrek_Lib.jpg"
"NDP","Vancouver East","British Columbia","English","Jenny.Kwan@parl.gc.ca","https://www.ourcommons.ca/Content/Parliamentarians/Images/OfficialMPPhotos/43/KwanJenny_NDP.jpg"
"Conservative","Edmonton—Wetaskiwin","Alberta","English","mike.lake@parl.gc.ca","https://www.ourcommons.ca/Content/Parliamentarians/Images/OfficialMPPhotos/43/LakeMike_CPC.jpg"
"Liberal","Orléans","Ontario","French","Marie-France.Lalonde@parl.gc.ca","https://www.ourcommons.ca/Content/Parliamentarians/Images/OfficialMPPhotos/43/LalondeMarieFrance_Lib.jpg"
"Liberal","Saint-Laurent","Quebec","English / French","Emmanuella.Lambropoulos@parl.gc.ca","https://www.ourcommons.ca/Content/Parliamentarians/Images/OfficialMPPhotos/43/LambropoulosEmmanuella_Lib.jpg"
"Liberal","LaSalle—Émard—Verdun","Quebec","English / French","David.Lametti@parl.gc.ca","https://www.ourcommons.ca/Content/Parliamentarians/Images/OfficialMPPhotos/43/LamettiDavid_Lib.jpg"
"Liberal","Winnipeg North","Manitoba","English","kevin.lamoureux@parl.gc.ca","https://www.ourcommons.ca/Content/Parliamentarians/Images/OfficialMPPhotos/43/LamoureuxKevin_Lib.jpg"
"Bloc Québécois","Shefford","Quebec","French","Andreanne.Larouche@parl.gc.ca","https://www.ourcommons.ca/Content/Parliamentarians/Images/OfficialMPPhotos/43/LaroucheAndréanne_BQ.jpg"
"Liberal","Saint-Léonard—Saint-Michel","Quebec","English / French","Patricia.Lattanzio@parl.gc.ca","https://www.ourcommons.ca/Content/Parliamentarians/Images/OfficialMPPhotos/43/LattanzioPatricia_Lib.jpg"
"Liberal","Argenteuil—La Petite-Nation","Quebec","French / English","Stephane.Lauzon@parl.gc.ca","https://www.ourcommons.ca/Content/Parliamentarians/Images/OfficialMPPhotos/43/LauzonStéphane_Lib.jpg"
"Conservative","Northumberland—Peterborough South","Ontario","English","Philip.Lawrence@parl.gc.ca","https://www.ourcommons.ca/Content/Parliamentarians/Images/OfficialMPPhotos/43/LawrencePhilip_CPC.jpg"
"Liberal","Beauséjour","New Brunswick","French / English","dominic.leblanc@parl.gc.ca","https://www.ourcommons.ca/Content/Parliamentarians/Images/OfficialMPPhotos/43/LeblancDominic_Lib.jpg"
"Liberal","Gaspésie—Les Îles-de-la-Madeleine","Quebec","French","Diane.Lebouthillier@parl.gc.ca","https://www.ourcommons.ca/Content/Parliamentarians/Images/OfficialMPPhotos/43/LebouthillierDiane_Lib.jpg"
"Liberal","Sudbury","Ontario","French / English","Paul.Lefebvre@parl.gc.ca","https://www.ourcommons.ca/Content/Parliamentarians/Images/OfficialMPPhotos/43/LefebvrePaul_Lib.jpg"
"Conservative","Beauce","Quebec","French","Richard.Lehoux@parl.gc.ca","https://www.ourcommons.ca/Content/Parliamentarians/Images/OfficialMPPhotos/43/LehouxRichard_CPC.jpg"
"Bloc Québécois","Abitibi—Témiscamingue","Quebec","French","Sebastien.Lemire@parl.gc.ca","https://www.ourcommons.ca/Content/Parliamentarians/Images/OfficialMPPhotos/43/LemireSébastien_BQ.jpg"
"Conservative","Essex","Ontario","English","Chris.Lewis@parl.gc.ca","https://www.ourcommons.ca/Content/Parliamentarians/Images/OfficialMPPhotos/43/LewisChris_CPC.jpg"
"Conservative","Calgary Signal Hill","Alberta","English","Ron.Liepert@parl.gc.ca","https://www.ourcommons.ca/Content/Parliamentarians/Images/OfficialMPPhotos/43/LiepertRon_CPC.jpg"
"Liberal","Louis-Hébert","Quebec","French / English","Joel.Lightbound@parl.gc.ca","https://www.ourcommons.ca/Content/Parliamentarians/Images/OfficialMPPhotos/43/LightboundJoel_Lib.jpg"
"Conservative","Sturgeon River—Parkland","Alberta","English","Dane.Lloyd@parl.gc.ca","https://www.ourcommons.ca/Content/Parliamentarians/Images/OfficialMPPhotos/43/LloydDane._CPC.jpg"
"Conservative","Huron—Bruce","Ontario","English","ben.lobb@parl.gc.ca","https://www.ourcommons.ca/Content/Parliamentarians/Images/OfficialMPPhotos/43/LobbBen_CPC.jpg"
"Liberal","Saint John—Rothesay","New Brunswick","English / French","Wayne.Long@parl.gc.ca","https://www.ourcommons.ca/Content/Parliamentarians/Images/OfficialMPPhotos/43/LongWayne_Lib.jpg"
"Liberal","Guelph","Ontario","English / French","Lloyd.Longfield@parl.gc.ca","https://www.ourcommons.ca/Content/Parliamentarians/Images/OfficialMPPhotos/43/LongfieldLloyd_Lib.jpg"
"Liberal","Kitchener—Conestoga","Ontario","English","Tim.Louis@parl.gc.ca","https://www.ourcommons.ca/Content/Parliamentarians/Images/OfficialMPPhotos/43/LouisTim_Lib.jpg"
"Conservative","Moose Jaw—Lake Centre—Lanigan","Saskatchewan","English","tom.lukiwski@parl.gc.ca","https://www.ourcommons.ca/Content/Parliamentarians/Images/OfficialMPPhotos/43/LukiwskiTom_CPC.jpg"
"Liberal","Cardigan","Prince Edward Island","English","lawrence.macaulay@parl.gc.ca","https://www.ourcommons.ca/Content/Parliamentarians/Images/OfficialMPPhotos/43/MacAulayLawrence_Lib.jpg"
"NDP","Cowichan—Malahat—Langford","British Columbia","English","Alistair.MacGregor@parl.gc.ca","https://www.ourcommons.ca/Content/Parliamentarians/Images/OfficialMPPhotos/43/MacGregorAlistair_NDP.jpg"
"Conservative","Oxford","Ontario","English","dave.mackenzie@parl.gc.ca","https://www.ourcommons.ca/Content/Parliamentarians/Images/OfficialMPPhotos/43/MacKenzieDave_CPC.jpg"
"Liberal","Gatineau","Quebec","French / English","Steven.MacKinnon@parl.gc.ca","https://www.ourcommons.ca/Content/Parliamentarians/Images/OfficialMPPhotos/43/MacKinnonSteven_Lib.jpg"
"Conservative","Brandon—Souris","Manitoba","English","Larry.Maguire@parl.gc.ca","https://www.ourcommons.ca/Content/Parliamentarians/Images/OfficialMPPhotos/43/MaguireLarry_CPC.jpg"
"Liberal","Etobicoke—Lakeshore","Ontario","English","James.Maloney@parl.gc.ca","https://www.ourcommons.ca/Content/Parliamentarians/Images/OfficialMPPhotos/43/MaloneyJames_Lib.jpg"
"Green Party","Nanaimo—Ladysmith","British Columbia","English","Paul.Manly@parl.gc.ca","https://www.ourcommons.ca/Content/Parliamentarians/Images/OfficialMPPhotos/43/ManlyPaul_GP.jpg"
"Bloc Québécois","Mirabel","Quebec","French","Simon.Marcil@parl.gc.ca","https://www.ourcommons.ca/Content/Parliamentarians/Images/OfficialMPPhotos/43/MarcilSimon_BQ.jpg"
"Conservative","Chicoutimi—Le Fjord","Quebec","French","Richard.Martel@parl.gc.ca","https://www.ourcommons.ca/Content/Parliamentarians/Images/OfficialMPPhotos/43/MartelRichard_CPC.jpg"
"Liberal","Hochelaga","Quebec","French / English","Soraya.MartinezFerrada@parl.gc.ca","https://www.ourcommons.ca/Content/Parliamentarians/Images/OfficialMPPhotos/43/MartinezFerradaSoraya_Lib.jpg"
"NDP","Windsor West","Ontario","English","brian.masse@parl.gc.ca","https://www.ourcommons.ca/Content/Parliamentarians/Images/OfficialMPPhotos/43/MasseBrian_NDP.jpg"
"NDP","London—Fanshawe","Ontario","English / French","Lindsay.Mathyssen@parl.gc.ca","https://www.ourcommons.ca/Content/Parliamentarians/Images/OfficialMPPhotos/43/MathyssenLindsay_NDP.jpg"
"Liberal","Cambridge","Ontario","English","Bryan.May@parl.gc.ca","https://www.ourcommons.ca/Content/Parliamentarians/Images/OfficialMPPhotos/43/MayBryan_Lib.jpg"
"Green Party","Saanich—Gulf Islands","British Columbia","English","Elizabeth.May@parl.gc.ca","https://www.ourcommons.ca/Content/Parliamentarians/Images/OfficialMPPhotos/43/MayElizabeth_GP.jpg"
"Conservative","Dauphin—Swan River—Neepawa","Manitoba","English","Dan.Mazier@parl.gc.ca","https://www.ourcommons.ca/Content/Parliamentarians/Images/OfficialMPPhotos/43/MazierDan_CPC.jpg"
"Conservative","Edmonton West","Alberta","English","Kelly.McCauley@parl.gc.ca","https://www.ourcommons.ca/Content/Parliamentarians/Images/OfficialMPPhotos/43/McCauleyKelly_CPC.jpg"
"Conservative","Brantford—Brant","Ontario","English","phil.mccoleman@parl.gc.ca","https://www.ourcommons.ca/Content/Parliamentarians/Images/OfficialMPPhotos/43/McColemanPhil_CPC.jpg"
"Liberal","Kanata—Carleton","Ontario","English","Karen.McCrimmon@parl.gc.ca","https://www.ourcommons.ca/Content/Parliamentarians/Images/OfficialMPPhotos/43/McCrimmonKaren_Lib.jpg"
"Liberal","Avalon","Newfoundland and Labrador","English","Ken.McDonald@parl.gc.ca","https://www.ourcommons.ca/Content/Parliamentarians/Images/OfficialMPPhotos/43/McDonaldKen_Lib.jpg"
"Liberal","Ottawa South","Ontario","English","david.mcguinty@parl.gc.ca","https://www.ourcommons.ca/Content/Parliamentarians/Images/OfficialMPPhotos/43/McGuintyDavidJ_Lib.jpg"
"Liberal","Scarborough—Guildwood","Ontario","English","john.mckay@parl.gc.ca","https://www.ourcommons.ca/Content/Parliamentarians/Images/OfficialMPPhotos/43/McKayJohn_Lib.jpg"
"Liberal","Ottawa Centre","Ontario","English / French","Catherine.McKenna@parl.gc.ca","https://www.ourcommons.ca/Content/Parliamentarians/Images/OfficialMPPhotos/43/McKennaCatherine_Lib.jpg"
"Liberal","Coquitlam—Port Coquitlam","British Columbia","English","Ron.McKinnon@parl.gc.ca","https://www.ourcommons.ca/Content/Parliamentarians/Images/OfficialMPPhotos/43/McKinnonRon_Lib.jpg"
"Conservative","Calgary Centre","Alberta","English","greg.mclean@parl.gc.ca","https://www.ourcommons.ca/Content/Parliamentarians/Images/OfficialMPPhotos/43/McLeanGreg_CPC.jpg"
"Conservative","Kamloops—Thompson—Cariboo","British Columbia","English","cathy.mcleod@parl.gc.ca","https://www.ourcommons.ca/Content/Parliamentarians/Images/OfficialMPPhotos/43/McLeodCathy_CPC.jpg"
"Liberal","Northwest Territories","Northwest Territories","English","Michael.McLeod@parl.gc.ca","https://www.ourcommons.ca/Content/Parliamentarians/Images/OfficialMPPhotos/43/McLeodMichaelV_Lib.jpg"
"NDP","Edmonton Strathcona","Alberta","English","Heather.McPherson@parl.gc.ca","https://www.ourcommons.ca/Content/Parliamentarians/Images/OfficialMPPhotos/43/McPhersonHeather_NDP.jpg"
"Conservative","Kenora","Ontario","English","Eric.Melillo@parl.gc.ca","https://www.ourcommons.ca/Content/Parliamentarians/Images/OfficialMPPhotos/43/MelilloEric_CPC.jpg"
"Liberal","Brossard—Saint-Lambert","Quebec","French / English","Alexandra.Mendes@parl.gc.ca","https://www.ourcommons.ca/Content/Parliamentarians/Images/OfficialMPPhotos/43/MendèsAlexandra_Lib.jpg"
"Liberal","Eglinton—Lawrence","Ontario","English / French","Marco.Mendicino@parl.gc.ca","https://www.ourcommons.ca/Content/Parliamentarians/Images/OfficialMPPhotos/43/MendicinoMarco_Lib.jpg"
"Bloc Québécois","Avignon—La Mitis—Matane—Matapédia","Quebec","French","Kristina.Michaud@parl.gc.ca","https://www.ourcommons.ca/Content/Parliamentarians/Images/OfficialMPPhotos/43/MichaudKristina_BQ.jpg"
"Liberal","Ville-Marie—Le Sud-Ouest—Île-des-Soeurs","Quebec","French / English","Marc.Miller@parl.gc.ca","https://www.ourcommons.ca/Content/Parliamentarians/Images/OfficialMPPhotos/43/MillerMarc_Lib.jpg"
"Liberal","Peterborough—Kawartha","Ontario","English","Maryam.Monsef@parl.gc.ca","https://www.ourcommons.ca/Content/Parliamentarians/Images/OfficialMPPhotos/43/MonsefMaryam_Lib.jpg"
"Conservative","Fundy Royal","New Brunswick","English","Rob.Moore@parl.gc.ca","https://www.ourcommons.ca/Content/Parliamentarians/Images/OfficialMPPhotos/43/MooreRob_CPC.jpg"
"Conservative","Charleswood—St. James—Assiniboia—Headingley","Manitoba","English","Marty.Morantz@parl.gc.ca","https://www.ourcommons.ca/Content/Parliamentarians/Images/OfficialMPPhotos/43/MorantzMarty_CPC.jpg"
"Conservative","Kootenay—Columbia","British Columbia","English","Rob.Morrison@parl.gc.ca","https://www.ourcommons.ca/Content/Parliamentarians/Images/OfficialMPPhotos/43/MorrisonRob_CPC.jpg"
"Liberal","Egmont","Prince Edward Island","English","Robert.Morrissey@parl.gc.ca","https://www.ourcommons.ca/Content/Parliamentarians/Images/OfficialMPPhotos/43/MorrisseyRobert_Lib.jpg"
"Conservative","Medicine Hat—Cardston—Warner","Alberta","English","Glen.Motz@parl.gc.ca","https://www.ourcommons.ca/Content/Parliamentarians/Images/OfficialMPPhotos/43/MotzGlen_CPC.jpg"
"Liberal","Vancouver Quadra","British Columbia","English","joyce.murray@parl.gc.ca","https://www.ourcommons.ca/Content/Parliamentarians/Images/OfficialMPPhotos/43/MurrayJoyce_Lib.jpg"
"Conservative","Perth—Wellington","Ontario","English","John.Nater@parl.gc.ca","https://www.ourcommons.ca/Content/Parliamentarians/Images/OfficialMPPhotos/43/NaterJohn_CPC.jpg"
"Liberal","Markham—Thornhill","Ontario","English / French","Mary.Ng@parl.gc.ca","https://www.ourcommons.ca/Content/Parliamentarians/Images/OfficialMPPhotos/43/NgMary_Lib.jpg"
"Bloc Québécois","Saint-Jean","Quebec","French","Christine.Normandin@parl.gc.ca","https://www.ourcommons.ca/Content/Parliamentarians/Images/OfficialMPPhotos/43/NormandinChristine_BQ.jpg"
"Liberal","Pickering—Uxbridge","Ontario","English / French","Jennifer.OConnell@parl.gc.ca","https://www.ourcommons.ca/Content/Parliamentarians/Images/OfficialMPPhotos/43/OConnellJennifer_Lib.jpg"
"Liberal","Don Valley West","Ontario","English","Rob.Oliphant@parl.gc.ca","https://www.ourcommons.ca/Content/Parliamentarians/Images/OfficialMPPhotos/43/OliphantRobert_Lib.jpg"
"Liberal","St. John's South—Mount Pearl","Newfoundland and Labrador","English / French","Seamus.ORegan@parl.gc.ca","https://www.ourcommons.ca/Content/Parliamentarians/Images/OfficialMPPhotos/43/OReganSeamus_Lib.jpg"
"Conservative","Durham","Ontario","English","Erin.OToole@parl.gc.ca","https://www.ourcommons.ca/Content/Parliamentarians/Images/OfficialMPPhotos/43/OTooleErin_CPC.jpg"
"Conservative","Cypress Hills—Grasslands","Saskatchewan","English / French","Jeremy.Patzer@parl.gc.ca","https://www.ourcommons.ca/Content/Parliamentarians/Images/OfficialMPPhotos/43/PatzerJeremy_CPC.jpg"
"Conservative","Charlesbourg—Haute-Saint-Charles","Quebec","French","Pierre.Paul-Hus@parl.gc.ca","https://www.ourcommons.ca/Content/Parliamentarians/Images/OfficialMPPhotos/43/PaulHusPierre_CPC.jpg"
"Bloc Québécois","Repentigny","Quebec","French","Monique.Pauze@parl.gc.ca","https://www.ourcommons.ca/Content/Parliamentarians/Images/OfficialMPPhotos/43/PauzéMonique_BQ.jpg"
"Bloc Québécois","Berthier—Maskinongé","Quebec","French","Yves.Perron@parl.gc.ca","https://www.ourcommons.ca/Content/Parliamentarians/Images/OfficialMPPhotos/43/PerronYves_BQ.jpg"
"Liberal","Moncton—Riverview—Dieppe","New Brunswick","English / French","Ginette.PetitpasTaylor@parl.gc.ca","https://www.ourcommons.ca/Content/Parliamentarians/Images/OfficialMPPhotos/43/PetitpasTaylorGinette_Lib.jpg"
"Bloc Québécois","Bécancour—Nicolet—Saurel","Quebec","French","louis.plamondon@parl.gc.ca","https://www.ourcommons.ca/Content/Parliamentarians/Images/OfficialMPPhotos/43/PlamondonLouis_PQ.jpg"
"Conservative","Carleton","Ontario","English","pierre.poilievre@parl.gc.ca","https://www.ourcommons.ca/Content/Parliamentarians/Images/OfficialMPPhotos/43/PoilievrePierre_CPC.jpg"
"Liberal","Thunder Bay—Rainy River","Ontario","English / French","Marcus.Powlowski@parl.gc.ca","https://www.ourcommons.ca/Content/Parliamentarians/Images/OfficialMPPhotos/43/PowlowskiMarcus_Lib.jpg"
"NDP","Nunavut","Nunavut","English","Mumilaaq.Qaqqaq@parl.gc.ca","https://www.ourcommons.ca/Content/Parliamentarians/Images/OfficialMPPhotos/43/QaqqaqMumilaaq_NDP.jpg"
"Liberal","Delta","British Columbia","English / French","Carla.Qualtrough@parl.gc.ca","https://www.ourcommons.ca/Content/Parliamentarians/Images/OfficialMPPhotos/43/QualtroughCarla_Lib.jpg"
"Independent","Don Valley East","Ontario","English / French","Yasmin.Ratansi@parl.gc.ca","https://www.ourcommons.ca/Content/Parliamentarians/Images/OfficialMPPhotos/43/RatansiYasmin_Lib.jpg"
"Conservative","Richmond—Arthabaska","Quebec","French","Alain.Rayes@parl.gc.ca","https://www.ourcommons.ca/Content/Parliamentarians/Images/OfficialMPPhotos/43/RayesALain_CPC.jpg"
"Conservative","Saskatoon West","Saskatchewan","English","Brad.Redekopp@parl.gc.ca","https://www.ourcommons.ca/Content/Parliamentarians/Images/OfficialMPPhotos/43/RedekoppBrad_CPC.jpg"
"Liberal","Halifax West","Nova Scotia","English","geoff.regan@parl.gc.ca","https://www.ourcommons.ca/Content/Parliamentarians/Images/OfficialMPPhotos/43/ReganGeoff_Lib.jpg"
"Conservative","Lanark—Frontenac—Kingston","Ontario","English","scott.reid@parl.gc.ca","https://www.ourcommons.ca/Content/Parliamentarians/Images/OfficialMPPhotos/43/ReidScott_CPC.jpg"
"Conservative","Calgary Nose Hill","Alberta","English","Michelle.Rempel@parl.gc.ca","https://www.ourcommons.ca/Content/Parliamentarians/Images/OfficialMPPhotos/43/RempelMichelle_CPC.jpg"
"Conservative","Banff—Airdrie","Alberta","English","blake.richards@parl.gc.ca","https://www.ourcommons.ca/Content/Parliamentarians/Images/OfficialMPPhotos/43/RichardsBlake_CPC.jpg"
"Liberal","Marc-Aurèle-Fortin","Quebec","French / English","Yves.Robillard@parl.gc.ca","https://www.ourcommons.ca/Content/Parliamentarians/Images/OfficialMPPhotos/43/RobillardYves_Lib.jpg"
"Liberal","Honoré-Mercier","Quebec","French / English","Pablo.Rodriguez@parl.gc.ca","https://www.ourcommons.ca/Content/Parliamentarians/Images/OfficialMPPhotos/43/RodriguezPablo_Lib.jpg"
"Liberal","Bonavista—Burin—Trinity","Newfoundland and Labrador","English","Churence.Rogers@parl.gc.ca","https://www.ourcommons.ca/Content/Parliamentarians/Images/OfficialMPPhotos/43/RogersChurence_Lib.jpg"
"Liberal","Longueuil—Charles-LeMoyne","Quebec","French / English","Sherry.Romanado@parl.gc.ca","https://www.ourcommons.ca/Content/Parliamentarians/Images/OfficialMPPhotos/43/RomanadoSherry_Lib.jpg"
"Conservative","Lambton—Kent—Middlesex","Ontario","English","Lianne.Rood@parl.gc.ca","https://www.ourcommons.ca/Content/Parliamentarians/Images/OfficialMPPhotos/43/RoodLianne_CPC.jpg"
"Liberal","Nipissing—Timiskaming","Ontario","English / French","Anthony.Rota@parl.gc.ca","https://www.ourcommons.ca/Content/Parliamentarians/Images/OfficialMPPhotos/43/RotaAnthony_Lib.jpg"
"Conservative","Bruce—Grey—Owen Sound","Ontario","English","Alex.Ruff@parl.gc.ca","https://www.ourcommons.ca/Content/Parliamentarians/Images/OfficialMPPhotos/43/RuffAlex_CPC.jpg"
"Conservative","Calgary Skyview","Alberta","English","Jag.Sahota@parl.gc.ca","https://www.ourcommons.ca/Content/Parliamentarians/Images/OfficialMPPhotos/43/SahotaJag_CPC.jpg"
"Liberal","Brampton North","Ontario","English","Ruby.Sahota@parl.gc.ca","https://www.ourcommons.ca/Content/Parliamentarians/Images/OfficialMPPhotos/43/SahotaRuby_Lib.jpg"
"Liberal","Kitchener Centre","Ontario","English / French","Raj.Saini@parl.gc.ca","https://www.ourcommons.ca/Content/Parliamentarians/Images/OfficialMPPhotos/43/SainiRaj_Lib.jpg"
"Liberal","Vancouver South","British Columbia","English","Harjit.Sajjan@parl.gc.ca","https://www.ourcommons.ca/Content/Parliamentarians/Images/OfficialMPPhotos/43/SajjanHarjitS_Lib.jpg"
"Liberal","York Centre","Ontario","English","yaara.saks@parl.gc.ca","https://www.ourcommons.ca/Content/Parliamentarians/Images/OfficialMPPhotos/43/SaksYaara_Lib.jpg"
"Liberal","Sackville—Preston—Chezzetcook","Nova Scotia","French / English","Darrell.Samson@parl.gc.ca","https://www.ourcommons.ca/Content/Parliamentarians/Images/OfficialMPPhotos/43/SamsonDarrell_Lib.jpg"
"Independent","Brampton Centre","Ontario","English / French","Ramesh.Sangha@parl.gc.ca","https://www.ourcommons.ca/Content/Parliamentarians/Images/OfficialMPPhotos/43/SanghaRamesh_Lib.jpg"
"Liberal","Surrey Centre","British Columbia","English / French","Randeep.Sarai@parl.gc.ca","https://www.ourcommons.ca/Content/Parliamentarians/Images/OfficialMPPhotos/43/SaraiRandeep_Lib.jpg"
"Conservative","Markham—Unionville","Ontario","English / French","Bob.Saroya@parl.gc.ca","https://www.ourcommons.ca/Content/Parliamentarians/Images/OfficialMPPhotos/43/SaroyaBob_CPC.jpg"
"Bloc Québécois","Saint-Hyacinthe—Bagot","Quebec","French","Simon-Pierre.Savard-Tremblay@parl.gc.ca","https://www.ourcommons.ca/Content/Parliamentarians/Images/OfficialMPPhotos/43/SavardTremblaySimonPIerre_BQ.jpg"
"Liberal","Lac-Saint-Louis","Quebec","English","francis.scarpaleggia@parl.gc.ca","https://www.ourcommons.ca/Content/Parliamentarians/Images/OfficialMPPhotos/43/ScarpaleggiaFrancis_Lib.jpg"
"Conservative","Regina—Qu'Appelle","Saskatchewan","English / French","andrew.scheer@parl.gc.ca","https://www.ourcommons.ca/Content/Parliamentarians/Images/OfficialMPPhotos/43/ScheerAndrew_CPC.jpg"
"Liberal","Vaudreuil—Soulanges","Quebec","English / French","Peter.Schiefke@parl.gc.ca","https://www.ourcommons.ca/Content/Parliamentarians/Images/OfficialMPPhotos/43/SchiefkePeter_Lib.jpg"
"Conservative","Haliburton—Kawartha Lakes—Brock","Ontario","English","Jamie.Schmale@parl.gc.ca","https://www.ourcommons.ca/Content/Parliamentarians/Images/OfficialMPPhotos/43/SchmaleJamie_CPC.jpg"
"Liberal","King—Vaughan","Ontario","English","Deb.Schulte@parl.gc.ca","https://www.ourcommons.ca/Content/Parliamentarians/Images/OfficialMPPhotos/43/SchulteDeb_Lib.jpg"
"Conservative","Dufferin—Caledon","Ontario","English / French","Kyle.Seeback@parl.gc.ca","https://www.ourcommons.ca/Content/Parliamentarians/Images/OfficialMPPhotos/43/SeebackKyle_CPC.jpg"
"Liberal","Nickel Belt","Ontario","English / French","Marc.Serre@parl.gc.ca","https://www.ourcommons.ca/Content/Parliamentarians/Images/OfficialMPPhotos/43/SerréMarc_Lib.jpg"
"Liberal","Humber River—Black Creek","Ontario","English","judy.sgro@parl.gc.ca","https://www.ourcommons.ca/Content/Parliamentarians/Images/OfficialMPPhotos/43/SgroJudyA_Lib.jpg"
"Liberal","Châteauguay—Lacolle","Quebec","English / French","Brenda.Shanahan@parl.gc.ca","https://www.ourcommons.ca/Content/Parliamentarians/Images/OfficialMPPhotos/43/ShanahanBrenda_Lib.jpg"
"Liberal","Sault Ste. Marie","Ontario","English","Terry.Sheehan@parl.gc.ca","https://www.ourcommons.ca/Content/Parliamentarians/Images/OfficialMPPhotos/43/SheehanTerry_Lib.jpg"
"Conservative","Bow River","Alberta","English","Martin.Shields@parl.gc.ca","https://www.ourcommons.ca/Content/Parliamentarians/Images/OfficialMPPhotos/43/ShieldsMartin_CPC.jpg"
"Conservative","Port Moody—Coquitlam","British Columbia","English / French","Nelly.Shin@parl.gc.ca","https://www.ourcommons.ca/Content/Parliamentarians/Images/OfficialMPPhotos/43/ShinNelly_CPC.jpg"
"Conservative","Barrie—Springwater—Oro-Medonte","Ontario","English","Doug.Shipley@parl.gc.ca","https://www.ourcommons.ca/Content/Parliamentarians/Images/OfficialMPPhotos/43/ShipleyDoug_CPC.jpg"
"Liberal","Brampton East","Ontario","English","Maninder.Sidhu@parl.gc.ca","https://www.ourcommons.ca/Content/Parliamentarians/Images/OfficialMPPhotos/43/SidhuManinder_Lib.jpg"
"Liberal","Brampton South","Ontario","English / French","Sonia.Sidhu@parl.gc.ca","https://www.ourcommons.ca/Content/Parliamentarians/Images/OfficialMPPhotos/43/SidhuSonia_Lib.jpg"
"Liberal","Mississauga—Streetsville","Ontario","English","Gagan.Sikand@parl.gc.ca","https://www.ourcommons.ca/Content/Parliamentarians/Images/OfficialMPPhotos/43/SikandGagan_Lib.jpg"
"Bloc Québécois","Jonquière","Quebec","French","Mario.Simard@parl.gc.ca","https://www.ourcommons.ca/Content/Parliamentarians/Images/OfficialMPPhotos/43/SimardMario_BQ.jpg"
"Liberal","Coast of Bays—Central—Notre Dame","Newfoundland and Labrador","English","scott.simms@parl.gc.ca","https://www.ourcommons.ca/Content/Parliamentarians/Images/OfficialMPPhotos/43/SimmsScott_Lib.jpg"
"NDP","Burnaby South","British Columbia","English","Jagmeet.Singh@parl.gc.ca","https://www.ourcommons.ca/Content/Parliamentarians/Images/OfficialMPPhotos/43/SinghJagmeet_NDP.jpg"
"Independent","Hastings—Lennox and Addington","Ontario","English","Derek.Sloan@parl.gc.ca","https://www.ourcommons.ca/Content/Parliamentarians/Images/OfficialMPPhotos/43/SloanDerek_CPC.jpg"
"Liberal","Vaughan—Woodbridge","Ontario","English / French","Francesco.Sorbara@parl.gc.ca","https://www.ourcommons.ca/Content/Parliamentarians/Images/OfficialMPPhotos/43/SorbaraFrancesco_Lib.jpg"
"Conservative","Yellowhead","Alberta","English","Gerald.Soroka@parl.gc.ca","https://www.ourcommons.ca/Content/Parliamentarians/Images/OfficialMPPhotos/43/SorokaGerald_CPC.jpg"
"Liberal","Mississauga—Lakeshore","Ontario","English","Sven.Spengemann@parl.gc.ca","https://www.ourcommons.ca/Content/Parliamentarians/Images/OfficialMPPhotos/43/SpengemannSven_Lib.jpg"
"Conservative","Simcoe North","Ontario","English","bruce.stanton@parl.gc.ca","https://www.ourcommons.ca/Content/Parliamentarians/Images/OfficialMPPhotos/43/StantonBruce_CPC.jpg"
"Conservative","Regina—Lewvan","Saskatchewan","English","Warren.Steinley@parl.gc.ca","https://www.ourcommons.ca/Content/Parliamentarians/Images/OfficialMPPhotos/43/SteinleyWarren_CPC.jpg"
"Bloc Québécois","Joliette","Quebec","French","Gabriel.Ste-Marie@parl.gc.ca","https://www.ourcommons.ca/Content/Parliamentarians/Images/OfficialMPPhotos/43/SteMarieGabriel_BQ.jpg"
"Conservative","Chilliwack—Hope","British Columbia","English","Mark.Strahl@parl.gc.ca","https://www.ourcommons.ca/Content/Parliamentarians/Images/OfficialMPPhotos/43/StrahlMark_CPC.jpg"
"Conservative","Lakeland","Alberta","English","Shannon.Stubbs@parl.gc.ca","https://www.ourcommons.ca/Content/Parliamentarians/Images/OfficialMPPhotos/43/StubbsShannon_CPC.jpg"
"Conservative","Flamborough—Glanbrook","Ontario","English","david.sweet@parl.gc.ca","https://www.ourcommons.ca/Content/Parliamentarians/Images/OfficialMPPhotos/43/SweetDavid_CPC.jpg"
"Independent","Kitchener South—Hespeler","Ontario","English","Marwan.Tabbara@parl.gc.ca","https://www.ourcommons.ca/Content/Parliamentarians/Images/OfficialMPPhotos/43/TabbaraMarwan_Lib.jpg"
"Liberal","Hamilton West—Ancaster—Dundas","Ontario","English","Filomena.Tassi@parl.gc.ca","https://www.ourcommons.ca/Content/Parliamentarians/Images/OfficialMPPhotos/43/TassiFilomena_Lib.jpg"
"Bloc Québécois","Montcalm","Quebec","French","Luc.Theriault@parl.gc.ca","https://www.ourcommons.ca/Content/Parliamentarians/Images/OfficialMPPhotos/43/ThériaultLuc_BQ.jpg"
"Bloc Québécois","La Prairie","Quebec","French","Alain.Therrien@parl.gc.ca","https://www.ourcommons.ca/Content/Parliamentarians/Images/OfficialMPPhotos/43/TherrienAlain_BQ.jpg"
"Conservative","Saskatoon—University","Saskatchewan","English","Corey.Tochor@parl.gc.ca","https://www.ourcommons.ca/Content/Parliamentarians/Images/OfficialMPPhotos/43/TochorCorey_CPC.jpg"
"Liberal","Papineau","Quebec","French / English","justin.trudeau@parl.gc.ca","https://www.ourcommons.ca/Content/Parliamentarians/Images/OfficialMPPhotos/43/TrudeauJustin_LIB.jpg"
"Bloc Québécois","Longueuil—Saint-Hubert","Quebec","French","Denis.Trudel@parl.gc.ca","https://www.ourcommons.ca/Content/Parliamentarians/Images/OfficialMPPhotos/43/TrudelDenis_BQ.jpg"
"Liberal","Whitby","Ontario","English","Ryan.Turnbull@parl.gc.ca","https://www.ourcommons.ca/Content/Parliamentarians/Images/OfficialMPPhotos/43/TurnbullRyan_Lib.jpg"
"Conservative","Edmonton Mill Woods","Alberta","English","Tim.Uppal@parl.gc.ca","https://www.ourcommons.ca/Content/Parliamentarians/Images/OfficialMPPhotos/43/UppalTim_CPC.jpg"
"Liberal","Newmarket—Aurora","Ontario","English","Tony.VanBynen@parl.gc.ca","https://www.ourcommons.ca/Content/Parliamentarians/Images/OfficialMPPhotos/43/VanBynenTony_Lib.jpg"
"Liberal","Milton","Ontario","English","Adam.vanKoeverden@parl.gc.ca","https://www.ourcommons.ca/Content/Parliamentarians/Images/OfficialMPPhotos/43/VanKoeverdenAdam_Lib.jpg"
"Conservative","Langley—Aldergrove","British Columbia","English","Tako.VanPopta@parl.gc.ca","https://www.ourcommons.ca/Content/Parliamentarians/Images/OfficialMPPhotos/43/VanPoptaTako_CPC.jpg"
"Liberal","Saint Boniface—Saint Vital","Manitoba","French / English","Dan.Vandal@parl.gc.ca","https://www.ourcommons.ca/Content/Parliamentarians/Images/OfficialMPPhotos/43/VandalDan_Lib.jpg"
"Liberal","Ottawa West—Nepean","Ontario","English","Anita.Vandenbeld@parl.gc.ca","https://www.ourcommons.ca/Content/Parliamentarians/Images/OfficialMPPhotos/43/VandenbeldAnita_Lib.jpg"
"Liberal","Spadina—Fort York","Ontario","English / French","Adam.Vaughan@parl.gc.ca","https://www.ourcommons.ca/Content/Parliamentarians/Images/OfficialMPPhotos/43/VaughanAdam_Lib.jpg"
"Conservative","Elgin—Middlesex—London","Ontario","English","Karen.Vecchio@parl.gc.ca","https://www.ourcommons.ca/Content/Parliamentarians/Images/OfficialMPPhotos/43/VecchioKaren_CPC.jpg"
"Conservative","Desnethé—Missinippi—Churchill River","Saskatchewan","English","Gary.Vidal@parl.gc.ca","https://www.ourcommons.ca/Content/Parliamentarians/Images/OfficialMPPhotos/43/VidalGary_CPC.jpg"
"Conservative","Peace River—Westlock","Alberta","English","Arnold.Viersen@parl.gc.ca","https://www.ourcommons.ca/Content/Parliamentarians/Images/OfficialMPPhotos/43/ViersenArnold_CPC.jpg"
"Bloc Québécois","Beauport—Limoilou","Quebec","French","Julie.Vignola@parl.gc.ca","https://www.ourcommons.ca/Content/Parliamentarians/Images/OfficialMPPhotos/43/VignolaJulie_BQ.jpg"
"Liberal","Parkdale—High Park","Ontario","English / French","Arif.Virani@parl.gc.ca","https://www.ourcommons.ca/Content/Parliamentarians/Images/OfficialMPPhotos/43/ViraniArif_Lib.jpg"
"Conservative","Mission—Matsqui—Fraser Canyon","British Columbia","English","Brad.Vis@parl.gc.ca","https://www.ourcommons.ca/Content/Parliamentarians/Images/OfficialMPPhotos/43/VisBrad_CPC.jpg"
"Conservative","Yorkton—Melville","Saskatchewan","English / French","Cathay.Wagantall@parl.gc.ca","https://www.ourcommons.ca/Content/Parliamentarians/Images/OfficialMPPhotos/43/WagantallCathay_CPC.jpg"
"Conservative","Grande Prairie—Mackenzie","Alberta","English","chris.warkentin@parl.gc.ca","https://www.ourcommons.ca/Content/Parliamentarians/Images/OfficialMPPhotos/43/WarkentinChris_CPC.jpg"
"Conservative","Saskatoon—Grasswood","Saskatchewan","English","Kevin.Waugh@parl.gc.ca","https://www.ourcommons.ca/Content/Parliamentarians/Images/OfficialMPPhotos/43/WaughKevin_CPC.jpg"
"Conservative","Calgary Confederation","Alberta","English","Len.Webber@parl.gc.ca","https://www.ourcommons.ca/Content/Parliamentarians/Images/OfficialMPPhotos/43/WebberLen_CPC.jpg"
"Liberal","West Vancouver—Sunshine Coast—Sea to Sky Country","British Columbia","English","Patrick.Weiler@parl.gc.ca","https://www.ourcommons.ca/Content/Parliamentarians/Images/OfficialMPPhotos/43/WeilerPatrick_Lib.jpg"
"Liberal","North Vancouver","British Columbia","English","Jonathan.Wilkinson@parl.gc.ca","https://www.ourcommons.ca/Content/Parliamentarians/Images/OfficialMPPhotos/43/WilkinsonJonathan_Lib.jpg"
"Conservative","New Brunswick Southwest","New Brunswick","English / French","John.Williamson@parl.gc.ca","https://www.ourcommons.ca/Content/Parliamentarians/Images/OfficialMPPhotos/43/WilliamsonJohn_CPC.jpg"
"Independent","Vancouver Granville","British Columbia","English / French","Jody.Wilson-Raybould@parl.gc.ca","https://www.ourcommons.ca/Content/Parliamentarians/Images/OfficialMPPhotos/43/WilsonRaybouldJody_Ind.jpg"
"Conservative","Richmond Centre","British Columbia","English","alice.wong@parl.gc.ca","https://www.ourcommons.ca/Content/Parliamentarians/Images/OfficialMPPhotos/43/WongAlice_CPC.jpg"
"Liberal","Scarborough—Agincourt","Ontario","English","Jean.Yip@parl.gc.ca","https://www.ourcommons.ca/Content/Parliamentarians/Images/OfficialMPPhotos/43/YipJean_Lib.jpg"
"Liberal","London West","Ontario","English","Kate.Young@parl.gc.ca","https://www.ourcommons.ca/Content/Parliamentarians/Images/OfficialMPPhotos/43/YoungKate_Lib.jpg"
"Conservative","Fort McMurray—Cold Lake","Alberta","English","David.Yurdiga@parl.gc.ca","https://www.ourcommons.ca/Content/Parliamentarians/Images/OfficialMPPhotos/43/YurdigaDavid_CPC.jpg"
"Liberal","Scarborough Centre","Ontario","English","Salma.Zahid@parl.gc.ca","https://www.ourcommons.ca/Content/Parliamentarians/Images/OfficialMPPhotos/43/ZahidSalma_Lib.jpg"
"Liberal","Cumberland—Colchester","Nova Scotia","English / French","Lenore.Zann@parl.gc.ca","https://www.ourcommons.ca/Content/Parliamentarians/Images/OfficialMPPhotos/43/ZannLenore_Lib.jpg"
"Conservative","Prince George—Peace River—Northern Rockies","British Columbia","English","Bob.Zimmer@parl.gc.ca","https://www.ourcommons.ca/Content/Parliamentarians/Images/OfficialMPPhotos/43/ZimmerBob_CPC.jpg"
"Liberal","Pierrefonds—Dollard","Quebec","French / English","Sameer.Zuberi@parl.gc.ca","https://www.ourcommons.ca/Content/Parliamentarians/Images/OfficialMPPhotos/43/ZuberiSameer_Lib.jpg"
